{
  "Set Local Environment Vars" : 2,
  "Tags" : [

  ],
  "Ansi 12 Color" : {
    "Green Component" : 0.57647058823529407,
    "Red Component" : 0.74117647058823533,
    "Blue Component" : 0.97647058823529409
  },
  "Ansi 0 Color" : {
    "Green Component" : 0,
    "Red Component" : 0,
    "Blue Component" : 0
  },
  "Ansi 1 Color" : {
    "Green Component" : 0.3333333432674408,
    "Red Component" : 1,
    "Blue Component" : 0.3333333432674408
  },
  "Bold Color" : {
    "Green Component" : 0.90237069129943848,
    "Red Component" : 0.90237069129943848,
    "Blue Component" : 0.90237069129943848
  },
  "Normal Font" : "SauceCodeProNFM 14",
  "Horizontal Spacing" : 1,
  "Ansi 3 Color" : {
    "Green Component" : 0.98039215686274506,
    "Red Component" : 0.94509803921568625,
    "Blue Component" : 0.5490196078431373
  },
  "Rows" : 40,
  "Default Bookmark" : "No",
  "Ansi 2 Color" : {
    "Green Component" : 0.98039215686274506,
    "Red Component" : 0.31372549019607843,
    "Blue Component" : 0.4823529411764706
  },
  "Cursor Guide Color" : {
    "Red Component" : 0.70214027166366577,
    "Color Space" : "sRGB",
    "Blue Component" : 1,
    "Alpha Component" : 0.25,
    "Green Component" : 0.92681378126144409
  },
  "Non-ASCII Anti Aliased" : true,
  "Use Bright Bold" : true,
  "Ansi 10 Color" : {
    "Green Component" : 0.98039215686274506,
    "Red Component" : 0.31372549019607843,
    "Blue Component" : 0.4823529411764706
  },
  "Icon" : 1,
  "Ambiguous Double Width" : false,
  "Jobs to Ignore" : [
    "rlogin",
    "ssh",
    "slogin",
    "telnet"
  ],
  "Ansi 15 Color" : {
    "Green Component" : 1,
    "Red Component" : 1,
    "Blue Component" : 1
  },
  "Foreground Color" : {
    "Green Component" : 0.90032327175140381,
    "Red Component" : 0.90032327175140381,
    "Blue Component" : 0.90032327175140381
  },
  "Bound Hosts" : [

  ],
  "Working Directory" : "\/Users\/artur",
  "Blinking Cursor" : true,
  "Disable Window Resizing" : true,
  "Sync Title" : false,
  "Prompt Before Closing 2" : false,
  "BM Growl" : true,
  "Command" : "",
  "Description" : "Default",
  "Mouse Reporting" : true,
  "Screen" : -1,
  "Selection Color" : {
    "Green Component" : 0.27843138575553894,
    "Red Component" : 0.26666668057441711,
    "Blue Component" : 0.35294118523597717
  },
  "Columns" : 150,
  "Idle Code" : 0,
  "Ansi 13 Color" : {
    "Green Component" : 0.47450980392156861,
    "Red Component" : 1,
    "Blue Component" : 0.77647058823529413
  },
  "Custom Command" : "No",
  "ASCII Anti Aliased" : true,
  "Custom Locale" : "en_GB.UTF-8",
  "Non Ascii Font" : "Monaco 12",
  "Vertical Spacing" : 1,
  "Use Bold Font" : true,
  "Option Key Sends" : 0,
  "Selected Text Color" : {
    "Green Component" : 1,
    "Red Component" : 1,
    "Blue Component" : 1
  },
  "Background Color" : {
    "Green Component" : 0.12215272337198257,
    "Red Component" : 0.11765811592340469,
    "Blue Component" : 0.15977837145328522
  },
  "Character Encoding" : 4,
  "Ansi 11 Color" : {
    "Green Component" : 0.98039215686274506,
    "Red Component" : 0.94509803921568625,
    "Blue Component" : 0.5490196078431373
  },
  "Use Italic Font" : true,
  "Unlimited Scrollback" : false,
  "Keyboard Map" : {

  },
  "Window Type" : 0,
  "Cursor Type" : 0,
  "Background Image Location" : "",
  "Blur" : false,
  "Badge Color" : {
    "Red Component" : 1,
    "Color Space" : "sRGB",
    "Blue Component" : 0,
    "Alpha Component" : 0.5,
    "Green Component" : 0.14910027384757996
  },
  "Scrollback Lines" : 1000,
  "Send Code When Idle" : false,
  "Close Sessions On End" : true,
  "Terminal Type" : "xterm-256color",
  "Visual Bell" : true,
  "Flashing Bell" : false,
  "Silence Bell" : false,
  "Unicode Normalization" : 0,
  "Ansi 14 Color" : {
    "Green Component" : 0.9137254901960784,
    "Red Component" : 0.54509803921568623,
    "Blue Component" : 0.99215686274509807
  },
  "Unicode Version" : 8,
  "ASCII Ligatures" : false,
  "Name" : "Dracula",
  "Cursor Text Color" : {
    "Green Component" : 1,
    "Red Component" : 1,
    "Blue Component" : 1
  },
  "Shortcut" : "",
  "Cursor Color" : {
    "Green Component" : 0.73333334922790527,
    "Red Component" : 0.73333334922790527,
    "Blue Component" : 0.73333334922790527
  },
  "Transparency" : 0.099027593085106377,
  "Guid" : "8360EECC-AD36-4437-B66A-24F86F636309",
  "Custom Directory" : "No",
  "Link Color" : {
    "Red Component" : 0,
    "Color Space" : "sRGB",
    "Blue Component" : 0.73422712087631226,
    "Alpha Component" : 1,
    "Green Component" : 0.35915297269821167
  },
  "Ansi 4 Color" : {
    "Green Component" : 0.57647058823529407,
    "Red Component" : 0.74117647058823533,
    "Blue Component" : 0.97647058823529409
  },
  "Ansi 5 Color" : {
    "Green Component" : 0.47450980392156861,
    "Red Component" : 1,
    "Blue Component" : 0.77647058823529413
  },
  "Use Non-ASCII Font" : false,
  "Right Option Key Sends" : 0,
  "Ansi 8 Color" : {
    "Green Component" : 0.33333333333333331,
    "Red Component" : 0.33333333333333331,
    "Blue Component" : 0.33333333333333331
  },
  "Ansi 9 Color" : {
    "Green Component" : 0.33333333333333331,
    "Red Component" : 1,
    "Blue Component" : 0.33333333333333331
  },
  "Ansi 7 Color" : {
    "Green Component" : 0.73333334922790527,
    "Red Component" : 0.73333334922790527,
    "Blue Component" : 0.73333334922790527
  },
  "Ansi 6 Color" : {
    "Green Component" : 0.9137254901960784,
    "Red Component" : 0.54509803921568623,
    "Blue Component" : 0.99215686274509807
  }
}